PA,SZ,Pop,year
Ang Mo Kio,Ang Mo Kio Town Centre,200,2024
Ang Mo Kio,Cheng San,996,2024
Ang Mo Kio,Chong Boon,772,2024
Ang Mo Kio,Kebun Bahru,772,2024
Ang Mo Kio,Sembawang Hills,308,2024
Ang Mo Kio,Shangri-La,844,2024
Ang Mo Kio,Tagore,292,2024
Ang Mo Kio,Townsville,656,2024
Ang Mo Kio,Yio Chu Kang,0,2024
Ang Mo Kio,Yio Chu Kang East,184,2024
Ang Mo Kio,Yio Chu Kang North,0,2024
Ang Mo Kio,Yio Chu Kang West,876,2024
Bedok,Bayshore,424,2024
Bedok,Bedok North,3168,2024
Bedok,Bedok Reservoir,1204,2024
Bedok,Bedok South,1928,2024
Bedok,Frankel,1936,2024
Bedok,Kaki Bukit,1456,2024
Bedok,Kembangan,1360,2024
Bedok,Siglap,252,2024
Bishan,Bishan East,1056,2024
Bishan,Marymount,1244,2024
Bishan,Upper Thomson,1592,2024
Boon Lay,Liu Fang,0,2024
Boon Lay,Samulun,0,2024
Boon Lay,Shipyard,0,2024
Boon Lay,Tukang,0,2024
Bukit Batok,Brickworks,3976,2024
Bukit Batok,Bukit Batok Central,1380,2024
Bukit Batok,Bukit Batok East,380,2024
Bukit Batok,Bukit Batok South,700,2024
Bukit Batok,Bukit Batok West,656,2024
Bukit Batok,Gombak,384,2024
Bukit Batok,Guilin,504,2024
Bukit Batok,Hillview,772,2024
Bukit Batok,Hong Kah North,964,2024
Bukit Merah,Alexandra Hill,540,2024
Bukit Merah,Alexandra North,184,2024
Bukit Merah,Bukit Ho Swee,476,2024
Bukit Merah,Bukit Merah,24,2024
Bukit Merah,City Terminals,0,2024
Bukit Merah,Depot Road,328,2024
Bukit Merah,Everton Park,220,2024
Bukit Merah,Henderson Hill,496,2024
Bukit Merah,Kampong Tiong Bahru,384,2024
Bukit Merah,Maritime Square,300,2024
Bukit Merah,Redhill,532,2024
Bukit Merah,Singapore General Hospital,0,2024
Bukit Merah,Telok Blangah Drive,1152,2024
Bukit Merah,Telok Blangah Rise,364,2024
Bukit Merah,Telok Blangah Way,244,2024
Bukit Merah,Tiong Bahru,552,2024
Bukit Merah,Tiong Bahru Station,608,2024
Bukit Panjang,Bangkit,748,2024
Bukit Panjang,Dairy Farm,460,2024
Bukit Panjang,Fajar,1480,2024
Bukit Panjang,Jelebu,1048,2024
Bukit Panjang,Nature Reserve,188,2024
Bukit Panjang,Saujana,1440,2024
Bukit Panjang,Senja,1532,2024
Bukit Timah,Anak Bukit,1176,2024
Bukit Timah,Coronation Road,516,2024
Bukit Timah,Farrer Court,560,2024
Bukit Timah,Hillcrest,648,2024
Bukit Timah,Holland Road,700,2024
Bukit Timah,Leedon Park,372,2024
Bukit Timah,Swiss Club,416,2024
Bukit Timah,Ulu Pandan,588,2024
Central Water Catchment,Central Water Catchment,0,2024
Changi,Changi Airport,0,2024
Changi,Changi Point,0,2024
Changi,Changi West,176,2024
Changi Bay,Changi Bay,0,2024
Choa Chu Kang,Choa Chu Kang Central,972,2024
Choa Chu Kang,Choa Chu Kang North,1120,2024
Choa Chu Kang,Keat Hong,3244,2024
Choa Chu Kang,Peng Siang,1792,2024
Choa Chu Kang,Teck Whye,1000,2024
Choa Chu Kang,Yew Tee,1632,2024
Clementi,Clementi Central,636,2024
Clementi,Clementi North,1648,2024
Clementi,Clementi West,488,2024
Clementi,Clementi Woods,1028,2024
Clementi,Faber,692,2024
Clementi,Pandan,0,2024
Clementi,Sunset Way,184,2024
Clementi,Toh Tuck,0,2024
Clementi,West Coast,672,2024
Downtown Core,Anson,0,2024
Downtown Core,Bayfront Subzone,0,2024
Downtown Core,Bugis,20,2024
Downtown Core,Cecil,32,2024
Downtown Core,Central Subzone,60,2024
Downtown Core,City Hall,0,2024
Downtown Core,Clifford Pier,0,2024
Downtown Core,Marina Centre,0,2024
Downtown Core,Maxwell,0,2024
Downtown Core,Nicoll,16,2024
Downtown Core,Phillip,0,2024
Downtown Core,Raffles Place,0,2024
Downtown Core,Tanjong Pagar,32,2024
Geylang,Aljunied,2008,2024
Geylang,Geylang East,1636,2024
Geylang,Kallang Way,0,2024
Geylang,Kampong Ubi,820,2024
Geylang,Macpherson,1132,2024
Hougang,Defu Industrial Park,0,2024
Hougang,Hougang Central,176,2024
Hougang,Hougang East,1228,2024
Hougang,Hougang West,1620,2024
Hougang,Kangkar,1972,2024
Hougang,Kovan,1376,2024
Hougang,Lorong Ah Soo,1116,2024
Hougang,Lorong Halus,0,2024
Hougang,Tai Seng,444,2024
Hougang,Trafalgar,2492,2024
Jurong East,International Business Park,0,2024
Jurong East,Jurong Gateway,28,2024
Jurong East,Jurong Port,0,2024
Jurong East,Jurong River,0,2024
Jurong East,Lakeside (Business),0,2024
Jurong East,Lakeside (Leisure),0,2024
Jurong East,Penjuru Crescent,0,2024
Jurong East,Teban Gardens,676,2024
Jurong East,Toh Guan,496,2024
Jurong East,Yuhua East,732,2024
Jurong East,Yuhua West,672,2024
Jurong West,Boon Lay Place,1572,2024
Jurong West,Chin Bee,0,2024
Jurong West,Hong Kah,2080,2024
Jurong West,Jurong West Central,2752,2024
Jurong West,Kian Teck,0,2024
Jurong West,Safti,0,2024
Jurong West,Taman Jurong,2056,2024
Jurong West,Wenya,428,2024
Jurong West,Yunnan,2796,2024
Kallang,Bendemeer,1828,2024
Kallang,Boon Keng,492,2024
Kallang,Crawford,200,2024
Kallang,Geylang Bahru,240,2024
Kallang,Kallang Bahru,0,2024
Kallang,Kampong Bugis,136,2024
Kallang,Kampong Java,400,2024
Kallang,Lavender,432,2024
Kallang,Tanjong Rhu,480,2024
Lim Chu Kang,Lim Chu Kang,0,2024
Mandai,Mandai East,0,2024
Mandai,Mandai Estate,100,2024
Mandai,Mandai West,0,2024
Marina East,Marina East,0,2024
Marina South,Marina South,0,2024
Marine Parade,East Coast,0,2024
Marine Parade,Katong,468,2024
Marine Parade,Marina East (Mp),0,2024
Marine Parade,Marine Parade,1292,2024
Marine Parade,Mountbatten,520,2024
Museum,Bras Basah,0,2024
Museum,Dhoby Ghaut,24,2024
Museum,Fort Canning,8,2024
Newton,Cairnhill,288,2024
Newton,Goodwood Park,120,2024
Newton,Istana Negara,0,2024
Newton,Monk's Hill,80,2024
Newton,Newton Circus,24,2024
Newton,Orange Grove,88,2024
North-Eastern Islands,North-Eastern Islands,0,2024
Novena,Balestier,1396,2024
Novena,Dunearn,196,2024
Novena,Malcolm,224,2024
Novena,Moulmein,884,2024
Novena,Mount Pleasant,36,2024
Orchard,Boulevard,24,2024
Orchard,Somerset,4,2024
Orchard,Tanglin,28,2024
Outram,China Square,24,2024
Outram,Chinatown,400,2024
Outram,Pearl's Hill,104,2024
Outram,People's Park,0,2024
Pasir Ris,Flora Drive,732,2024
Pasir Ris,Loyang East,68,2024
Pasir Ris,Loyang West,0,2024
Pasir Ris,Pasir Ris Central,1632,2024
Pasir Ris,Pasir Ris Drive,2064,2024
Pasir Ris,Pasir Ris Park,512,2024
Pasir Ris,Pasir Ris Wafer Fab Park,0,2024
Pasir Ris,Pasir Ris West,1460,2024
Paya Lebar,Airport Road,0,2024
Paya Lebar,Paya Lebar East,0,2024
Paya Lebar,Paya Lebar North,0,2024
Paya Lebar,Paya Lebar West,0,2024
Paya Lebar,Plab,0,2024
Pioneer,Benoi Sector,0,2024
Pioneer,Gul Basin,0,2024
Pioneer,Gul Circle,0,2024
Pioneer,Joo Koon,0,2024
Pioneer,Pioneer Sector,0,2024
Punggol,Coney Island,0,2024
Punggol,Matilda,4604,2024
Punggol,Northshore,2092,2024
Punggol,Punggol Canal,0,2024
Punggol,Punggol Field,2588,2024
Punggol,Punggol Town Centre,2376,2024
Punggol,Waterway East,4748,2024
Queenstown,Commonwealth,156,2024
Queenstown,Dover,484,2024
Queenstown,Ghim Moh,808,2024
Queenstown,Holland Drive,336,2024
Queenstown,Kent Ridge,160,2024
Queenstown,Margaret Drive,1356,2024
Queenstown,Mei Chin,592,2024
Queenstown,National University Of S'pore,16,2024
Queenstown,One North,80,2024
Queenstown,Pasir Panjang 1,208,2024
Queenstown,Pasir Panjang 2,156,2024
Queenstown,Port,0,2024
Queenstown,Queensway,4,2024
Queenstown,Singapore Polytechnic,4,2024
Queenstown,Tanglin Halt,400,2024
River Valley,Institution Hill,244,2024
River Valley,Leonie Hill,192,2024
River Valley,One Tree Hill,112,2024
River Valley,Oxley,84,2024
River Valley,Paterson,24,2024
Rochor,Bencoolen,20,2024
Rochor,Farrer Park,76,2024
Rochor,Kampong Glam,0,2024
Rochor,Little India,68,2024
Rochor,Mackenzie,0,2024
Rochor,Mount Emily,128,2024
Rochor,Rochor Canal,0,2024
Rochor,Selegie,0,2024
Rochor,Sungei Road,84,2024
Rochor,Victoria,40,2024
Seletar,Pulau Punggol Barat,0,2024
Seletar,Pulau Punggol Timor,0,2024
Seletar,Seletar,4,2024
Seletar,Seletar Aerospace Park,0,2024
Sembawang,Admiralty,652,2024
Sembawang,Sembawang Central,2080,2024
Sembawang,Sembawang East,2684,2024
Sembawang,Sembawang North,1272,2024
Sembawang,Sembawang Springs,660,2024
Sembawang,Sembawang Straits,116,2024
Sembawang,Senoko North,0,2024
Sembawang,Senoko South,0,2024
Sembawang,The Wharves,0,2024
Sengkang,Anchorvale,4000,2024
Sengkang,Compassvale,1468,2024
Sengkang,Fernvale,5244,2024
Sengkang,Lorong Halus North,0,2024
Sengkang,Rivervale,3052,2024
Sengkang,Sengkang Town Centre,3324,2024
Sengkang,Sengkang West,0,2024
Serangoon,Lorong Chuan,384,2024
Serangoon,Seletar Hills,620,2024
Serangoon,Serangoon Central,708,2024
Serangoon,Serangoon Garden,1540,2024
Serangoon,Serangoon North,592,2024
Serangoon,Serangoon North Ind Estate,0,2024
Serangoon,Upper Paya Lebar,856,2024
Simpang,Pulau Seletar,0,2024
Simpang,Simpang North,0,2024
Simpang,Simpang South,0,2024
Simpang,Tanjong Irau,0,2024
Singapore River,Boat Quay,0,2024
Singapore River,Clarke Quay,0,2024
Singapore River,Robertson Quay,316,2024
Southern Islands,Sentosa,176,2024
Southern Islands,Southern Group,0,2024
Straits View,Straits View,0,2024
Sungei Kadut,Gali Batu,0,2024
Sungei Kadut,Kranji,0,2024
Sungei Kadut,Pang Sua,0,2024
Sungei Kadut,Reservoir View,0,2024
Sungei Kadut,Turf Club,24,2024
Tampines,Simei,1512,2024
Tampines,Tampines East,5916,2024
Tampines,Tampines North,5116,2024
Tampines,Tampines West,4788,2024
Tampines,Xilin,56,2024
Tanglin,Chatsworth,428,2024
Tanglin,Nassim,740,2024
Tanglin,Ridout,96,2024
Tanglin,Tyersall,252,2024
Tengah,Brickland,0,2024
Tengah,Forest Hill,0,2024
Tengah,Garden,8,2024
Tengah,Park,0,2024
Tengah,Plantation,792,2024
Tengah,Tengah Industrial Estate,0,2024
Toa Payoh,Bidadari,968,2024
Toa Payoh,Boon Teck,796,2024
Toa Payoh,Braddell,412,2024
Toa Payoh,Joo Seng,392,2024
Toa Payoh,Kim Keat,376,2024
Toa Payoh,Lorong 8 Toa Payoh,164,2024
Toa Payoh,Pei Chun,260,2024
Toa Payoh,Potong Pasir,516,2024
Toa Payoh,Sennett,1844,2024
Toa Payoh,Toa Payoh Central,1180,2024
Toa Payoh,Toa Payoh West,540,2024
Toa Payoh,Woodleigh,172,2024
Tuas,Tengeh,0,2024
Tuas,Tuas Bay,0,2024
Tuas,Tuas North,0,2024
Tuas,Tuas Promenade,0,2024
Tuas,Tuas View,0,2024
Tuas,Tuas View Extension,0,2024
Western Islands,Jurong Island And Bukom,0,2024
Western Islands,Semakau,0,2024
Western Islands,Sudong,0,2024
Western Water Catchment,Bahar,0,2024
Western Water Catchment,Cleantech,0,2024
Western Water Catchment,Murai,32,2024
Woodlands,Greenwood Park,0,2024
Woodlands,Midview,1748,2024
Woodlands,North Coast,324,2024
Woodlands,Senoko West,0,2024
Woodlands,Woodgrove,1180,2024
Woodlands,Woodlands East,5668,2024
Woodlands,Woodlands Regional Centre,0,2024
Woodlands,Woodlands South,2128,2024
Woodlands,Woodlands West,2080,2024
Yishun,Khatib,340,2024
Yishun,Lower Seletar,1944,2024
Yishun,Nee Soon,52,2024
Yishun,Northland,1052,2024
Yishun,Springleaf,136,2024
Yishun,Yishun Central,124,2024
Yishun,Yishun East,5288,2024
Yishun,Yishun South,2024,2024
Yishun,Yishun West,1780,2024
Ang Mo Kio,Ang Mo Kio Town Centre,178,2025
Ang Mo Kio,Cheng San,960,2025
Ang Mo Kio,Chong Boon,752,2025
Ang Mo Kio,Kebun Bahru,728,2025
Ang Mo Kio,Sembawang Hills,280,2025
Ang Mo Kio,Shangri-La,830,2025
Ang Mo Kio,Tagore,272,2025
Ang Mo Kio,Townsville,622,2025
Ang Mo Kio,Yio Chu Kang,0,2025
Ang Mo Kio,Yio Chu Kang East,170,2025
Ang Mo Kio,Yio Chu Kang North,0,2025
Ang Mo Kio,Yio Chu Kang West,828,2025
Bedok,Bayshore,386,2025
Bedok,Bedok North,3066,2025
Bedok,Bedok Reservoir,1142,2025
Bedok,Bedok South,1852,2025
Bedok,Frankel,1802,2025
Bedok,Kaki Bukit,1448,2025
Bedok,Kembangan,1298,2025
Bedok,Siglap,234,2025
Bishan,Bishan East,1026,2025
Bishan,Marymount,1192,2025
Bishan,Upper Thomson,1498,2025
Boon Lay,Liu Fang,0,2025
Boon Lay,Samulun,0,2025
Boon Lay,Shipyard,0,2025
Boon Lay,Tukang,0,2025
Bukit Batok,Brickworks,4154,2025
Bukit Batok,Bukit Batok Central,1338,2025
Bukit Batok,Bukit Batok East,370,2025
Bukit Batok,Bukit Batok South,686,2025
Bukit Batok,Bukit Batok West,634,2025
Bukit Batok,Gombak,366,2025
Bukit Batok,Guilin,468,2025
Bukit Batok,Hillview,722,2025
Bukit Batok,Hong Kah North,932,2025
Bukit Merah,Alexandra Hill,558,2025
Bukit Merah,Alexandra North,176,2025
Bukit Merah,Bukit Ho Swee,460,2025
Bukit Merah,Bukit Merah,24,2025
Bukit Merah,City Terminals,0,2025
Bukit Merah,Depot Road,308,2025
Bukit Merah,Everton Park,218,2025
Bukit Merah,Henderson Hill,494,2025
Bukit Merah,Kampong Tiong Bahru,384,2025
Bukit Merah,Maritime Square,282,2025
Bukit Merah,Redhill,506,2025
Bukit Merah,Singapore General Hospital,0,2025
Bukit Merah,Telok Blangah Drive,1170,2025
Bukit Merah,Telok Blangah Rise,344,2025
Bukit Merah,Telok Blangah Way,236,2025
Bukit Merah,Tiong Bahru,528,2025
Bukit Merah,Tiong Bahru Station,592,2025
Bukit Panjang,Bangkit,728,2025
Bukit Panjang,Dairy Farm,440,2025
Bukit Panjang,Fajar,1436,2025
Bukit Panjang,Jelebu,1004,2025
Bukit Panjang,Nature Reserve,178,2025
Bukit Panjang,Saujana,1368,2025
Bukit Panjang,Senja,1552,2025
Bukit Timah,Anak Bukit,1086,2025
Bukit Timah,Coronation Road,462,2025
Bukit Timah,Farrer Court,520,2025
Bukit Timah,Hillcrest,570,2025
Bukit Timah,Holland Road,626,2025
Bukit Timah,Leedon Park,348,2025
Bukit Timah,Swiss Club,370,2025
Bukit Timah,Ulu Pandan,534,2025
Central Water Catchment,Central Water Catchment,0,2025
Changi,Changi Airport,0,2025
Changi,Changi Point,0,2025
Changi,Changi West,172,2025
Changi Bay,Changi Bay,0,2025
Choa Chu Kang,Choa Chu Kang Central,906,2025
Choa Chu Kang,Choa Chu Kang North,1070,2025
Choa Chu Kang,Keat Hong,3206,2025
Choa Chu Kang,Peng Siang,1760,2025
Choa Chu Kang,Teck Whye,998,2025
Choa Chu Kang,Yew Tee,1554,2025
Clementi,Clementi Central,606,2025
Clementi,Clementi North,1628,2025
Clementi,Clementi West,454,2025
Clementi,Clementi Woods,1018,2025
Clementi,Faber,646,2025
Clementi,Pandan,0,2025
Clementi,Sunset Way,170,2025
Clementi,Toh Tuck,0,2025
Clementi,West Coast,618,2025
Downtown Core,Anson,0,2025
Downtown Core,Bayfront Subzone,0,2025
Downtown Core,Bugis,22,2025
Downtown Core,Cecil,34,2025
Downtown Core,Central Subzone,60,2025
Downtown Core,City Hall,0,2025
Downtown Core,Clifford Pier,0,2025
Downtown Core,Marina Centre,0,2025
Downtown Core,Maxwell,0,2025
Downtown Core,Nicoll,14,2025
Downtown Core,Phillip,0,2025
Downtown Core,Raffles Place,0,2025
Downtown Core,Tanjong Pagar,34,2025
Geylang,Aljunied,2006,2025
Geylang,Geylang East,1592,2025
Geylang,Kallang Way,0,2025
Geylang,Kampong Ubi,872,2025
Geylang,Macpherson,1118,2025
Hougang,Defu Industrial Park,0,2025
Hougang,Hougang Central,172,2025
Hougang,Hougang East,1184,2025
Hougang,Hougang West,1578,2025
Hougang,Kangkar,1868,2025
Hougang,Kovan,1312,2025
Hougang,Lorong Ah Soo,1062,2025
Hougang,Lorong Halus,0,2025
Hougang,Tai Seng,408,2025
Hougang,Trafalgar,2446,2025
Jurong East,International Business Park,0,2025
Jurong East,Jurong Gateway,26,2025
Jurong East,Jurong Port,0,2025
Jurong East,Jurong River,0,2025
Jurong East,Lakeside (Business),0,2025
Jurong East,Lakeside (Leisure),0,2025
Jurong East,Penjuru Crescent,0,2025
Jurong East,Teban Gardens,644,2025
Jurong East,Toh Guan,494,2025
Jurong East,Yuhua East,696,2025
Jurong East,Yuhua West,636,2025
Jurong West,Boon Lay Place,1548,2025
Jurong West,Chin Bee,0,2025
Jurong West,Hong Kah,1946,2025
Jurong West,Jurong West Central,2576,2025
Jurong West,Kian Teck,0,2025
Jurong West,Safti,0,2025
Jurong West,Taman Jurong,1964,2025
Jurong West,Wenya,382,2025
Jurong West,Yunnan,2712,2025
Kallang,Bendemeer,1778,2025
Kallang,Boon Keng,498,2025
Kallang,Crawford,190,2025
Kallang,Geylang Bahru,234,2025
Kallang,Kallang Bahru,0,2025
Kallang,Kampong Bugis,140,2025
Kallang,Kampong Java,380,2025
Kallang,Lavender,414,2025
Kallang,Tanjong Rhu,444,2025
Lim Chu Kang,Lim Chu Kang,0,2025
Mandai,Mandai East,0,2025
Mandai,Mandai Estate,98,2025
Mandai,Mandai West,0,2025
Marina East,Marina East,0,2025
Marina South,Marina South,0,2025
Marine Parade,East Coast,0,2025
Marine Parade,Katong,420,2025
Marine Parade,Marina East (Mp),0,2025
Marine Parade,Marine Parade,1198,2025
Marine Parade,Mountbatten,488,2025
Museum,Bras Basah,0,2025
Museum,Dhoby Ghaut,24,2025
Museum,Fort Canning,4,2025
Newton,Cairnhill,270,2025
Newton,Goodwood Park,108,2025
Newton,Istana Negara,0,2025
Newton,Monk's Hill,76,2025
Newton,Newton Circus,24,2025
Newton,Orange Grove,86,2025
North-Eastern Islands,North-Eastern Islands,0,2025
Novena,Balestier,1334,2025
Novena,Dunearn,182,2025
Novena,Malcolm,202,2025
Novena,Moulmein,778,2025
Novena,Mount Pleasant,36,2025
Orchard,Boulevard,24,2025
Orchard,Somerset,2,2025
Orchard,Tanglin,26,2025
Outram,China Square,24,2025
Outram,Chinatown,392,2025
Outram,Pearl's Hill,100,2025
Outram,People's Park,0,2025
Pasir Ris,Flora Drive,684,2025
Pasir Ris,Loyang East,64,2025
Pasir Ris,Loyang West,0,2025
Pasir Ris,Pasir Ris Central,1554,2025
Pasir Ris,Pasir Ris Drive,2022,2025
Pasir Ris,Pasir Ris Park,466,2025
Pasir Ris,Pasir Ris Wafer Fab Park,0,2025
Pasir Ris,Pasir Ris West,1384,2025
Paya Lebar,Airport Road,0,2025
Paya Lebar,Paya Lebar East,0,2025
Paya Lebar,Paya Lebar North,0,2025
Paya Lebar,Paya Lebar West,0,2025
Paya Lebar,Plab,0,2025
Pioneer,Benoi Sector,0,2025
Pioneer,Gul Basin,0,2025
Pioneer,Gul Circle,0,2025
Pioneer,Joo Koon,0,2025
Pioneer,Pioneer Sector,0,2025
Punggol,Coney Island,0,2025
Punggol,Matilda,4414,2025
Punggol,Northshore,2204,2025
Punggol,Punggol Canal,0,2025
Punggol,Punggol Field,2392,2025
Punggol,Punggol Town Centre,2256,2025
Punggol,Waterway East,4516,2025
Queenstown,Commonwealth,150,2025
Queenstown,Dover,452,2025
Queenstown,Ghim Moh,794,2025
Queenstown,Holland Drive,336,2025
Queenstown,Kent Ridge,152,2025
Queenstown,Margaret Drive,1374,2025
Queenstown,Mei Chin,578,2025
Queenstown,National University Of S'pore,14,2025
Queenstown,One North,76,2025
Queenstown,Pasir Panjang 1,200,2025
Queenstown,Pasir Panjang 2,156,2025
Queenstown,Port,0,2025
Queenstown,Queensway,2,2025
Queenstown,Singapore Polytechnic,2,2025
Queenstown,Tanglin Halt,434,2025
River Valley,Institution Hill,224,2025
River Valley,Leonie Hill,180,2025
River Valley,One Tree Hill,110,2025
River Valley,Oxley,78,2025
River Valley,Paterson,24,2025
Rochor,Bencoolen,16,2025
Rochor,Farrer Park,80,2025
Rochor,Kampong Glam,0,2025
Rochor,Little India,64,2025
Rochor,Mackenzie,0,2025
Rochor,Mount Emily,124,2025
Rochor,Rochor Canal,0,2025
Rochor,Selegie,0,2025
Rochor,Sungei Road,84,2025
Rochor,Victoria,38,2025
Seletar,Pulau Punggol Barat,0,2025
Seletar,Pulau Punggol Timor,0,2025
Seletar,Seletar,2,2025
Seletar,Seletar Aerospace Park,0,2025
Sembawang,Admiralty,602,2025
Sembawang,Sembawang Central,2024,2025
Sembawang,Sembawang East,2800,2025
Sembawang,Sembawang North,1224,2025
Sembawang,Sembawang Springs,660,2025
Sembawang,Sembawang Straits,112,2025
Sembawang,Senoko North,0,2025
Sembawang,Senoko South,0,2025
Sembawang,The Wharves,0,2025
Sengkang,Anchorvale,3806,2025
Sengkang,Compassvale,1376,2025
Sengkang,Fernvale,5076,2025
Sengkang,Lorong Halus North,0,2025
Sengkang,Rivervale,2948,2025
Sengkang,Sengkang Town Centre,3198,2025
Sengkang,Sengkang West,0,2025
Serangoon,Lorong Chuan,366,2025
Serangoon,Seletar Hills,586,2025
Serangoon,Serangoon Central,672,2025
Serangoon,Serangoon Garden,1502,2025
Serangoon,Serangoon North,578,2025
Serangoon,Serangoon North Ind Estate,0,2025
Serangoon,Upper Paya Lebar,818,2025
Simpang,Pulau Seletar,0,2025
Simpang,Simpang North,0,2025
Simpang,Simpang South,0,2025
Simpang,Tanjong Irau,0,2025
Singapore River,Boat Quay,0,2025
Singapore River,Clarke Quay,0,2025
Singapore River,Robertson Quay,296,2025
Southern Islands,Sentosa,172,2025
Southern Islands,Southern Group,0,2025
Straits View,Straits View,0,2025
Sungei Kadut,Gali Batu,0,2025
Sungei Kadut,Kranji,0,2025
Sungei Kadut,Pang Sua,0,2025
Sungei Kadut,Reservoir View,0,2025
Sungei Kadut,Turf Club,24,2025
Tampines,Simei,1422,2025
Tampines,Tampines East,5712,2025
Tampines,Tampines North,5612,2025
Tampines,Tampines West,4680,2025
Tampines,Xilin,52,2025
Tanglin,Chatsworth,406,2025
Tanglin,Nassim,694,2025
Tanglin,Ridout,96,2025
Tanglin,Tyersall,234,2025
Tengah,Brickland,0,2025
Tengah,Forest Hill,0,2025
Tengah,Garden,10,2025
Tengah,Park,0,2025
Tengah,Plantation,894,2025
Tengah,Tengah Industrial Estate,0,2025
Toa Payoh,Bidadari,1048,2025
Toa Payoh,Boon Teck,800,2025
Toa Payoh,Braddell,386,2025
Toa Payoh,Joo Seng,376,2025
Toa Payoh,Kim Keat,380,2025
Toa Payoh,Lorong 8 Toa Payoh,154,2025
Toa Payoh,Pei Chun,232,2025
Toa Payoh,Potong Pasir,504,2025
Toa Payoh,Sennett,1960,2025
Toa Payoh,Toa Payoh Central,1130,2025
Toa Payoh,Toa Payoh West,504,2025
Toa Payoh,Woodleigh,164,2025
Tuas,Tengeh,0,2025
Tuas,Tuas Bay,0,2025
Tuas,Tuas North,0,2025
Tuas,Tuas Promenade,0,2025
Tuas,Tuas View,0,2025
Tuas,Tuas View Extension,0,2025
Western Islands,Jurong Island And Bukom,0,2025
Western Islands,Semakau,0,2025
Western Islands,Sudong,0,2025
Western Water Catchment,Bahar,0,2025
Western Water Catchment,Cleantech,0,2025
Western Water Catchment,Murai,28,2025
Woodlands,Greenwood Park,0,2025
Woodlands,Midview,1708,2025
Woodlands,North Coast,318,2025
Woodlands,Senoko West,0,2025
Woodlands,Woodgrove,1142,2025
Woodlands,Woodlands East,5546,2025
Woodlands,Woodlands Regional Centre,0,2025
Woodlands,Woodlands South,2018,2025
Woodlands,Woodlands West,2114,2025
Yishun,Khatib,338,2025
Yishun,Lower Seletar,1890,2025
Yishun,Nee Soon,56,2025
Yishun,Northland,1006,2025
Yishun,Springleaf,134,2025
Yishun,Yishun Central,122,2025
Yishun,Yishun East,5194,2025
Yishun,Yishun South,1936,2025
Yishun,Yishun West,1676,2025
Ang Mo Kio,Ang Mo Kio Town Centre,161,2026
Ang Mo Kio,Cheng San,946,2026
Ang Mo Kio,Chong Boon,760,2026
Ang Mo Kio,Kebun Bahru,703,2026
Ang Mo Kio,Sembawang Hills,253,2026
Ang Mo Kio,Shangri-La,947,2026
Ang Mo Kio,Tagore,259,2026
Ang Mo Kio,Townsville,610,2026
Ang Mo Kio,Yio Chu Kang,0,2026
Ang Mo Kio,Yio Chu Kang East,158,2026
Ang Mo Kio,Yio Chu Kang North,0,2026
Ang Mo Kio,Yio Chu Kang West,790,2026
Bedok,Bayshore,335,2026
Bedok,Bedok North,2969,2026
Bedok,Bedok Reservoir,1069,2026
Bedok,Bedok South,1782,2026
Bedok,Frankel,1605,2026
Bedok,Kaki Bukit,1453,2026
Bedok,Kembangan,1258,2026
Bedok,Siglap,223,2026
Bishan,Bishan East,1222,2026
Bishan,Marymount,1145,2026
Bishan,Upper Thomson,1378,2026
Boon Lay,Liu Fang,0,2026
Boon Lay,Samulun,0,2026
Boon Lay,Shipyard,0,2026
Boon Lay,Tukang,0,2026
Bukit Batok,Brickworks,3947,2026
Bukit Batok,Bukit Batok Central,1273,2026
Bukit Batok,Bukit Batok East,376,2026
Bukit Batok,Bukit Batok South,670,2026
Bukit Batok,Bukit Batok West,607,2026
Bukit Batok,Gombak,352,2026
Bukit Batok,Guilin,443,2026
Bukit Batok,Hillview,701,2026
Bukit Batok,Hong Kah North,915,2026
Bukit Merah,Alexandra Hill,556,2026
Bukit Merah,Alexandra North,164,2026
Bukit Merah,Bukit Ho Swee,452,2026
Bukit Merah,Bukit Merah,25,2026
Bukit Merah,City Terminals,0,2026
Bukit Merah,Depot Road,282,2026
Bukit Merah,Everton Park,233,2026
Bukit Merah,Henderson Hill,491,2026
Bukit Merah,Kampong Tiong Bahru,383,2026
Bukit Merah,Maritime Square,248,2026
Bukit Merah,Redhill,478,2026
Bukit Merah,Singapore General Hospital,0,2026
Bukit Merah,Telok Blangah Drive,1129,2026
Bukit Merah,Telok Blangah Rise,337,2026
Bukit Merah,Telok Blangah Way,232,2026
Bukit Merah,Tiong Bahru,508,2026
Bukit Merah,Tiong Bahru Station,582,2026
Bukit Panjang,Bangkit,731,2026
Bukit Panjang,Dairy Farm,406,2026
Bukit Panjang,Fajar,1353,2026
Bukit Panjang,Jelebu,1008,2026
Bukit Panjang,Nature Reserve,165,2026
Bukit Panjang,Saujana,1267,2026
Bukit Panjang,Senja,1496,2026
Bukit Timah,Anak Bukit,988,2026
Bukit Timah,Coronation Road,387,2026
Bukit Timah,Farrer Court,452,2026
Bukit Timah,Hillcrest,467,2026
Bukit Timah,Holland Road,529,2026
Bukit Timah,Leedon Park,315,2026
Bukit Timah,Swiss Club,311,2026
Bukit Timah,Ulu Pandan,463,2026
Central Water Catchment,Central Water Catchment,0,2026
Changi,Changi Airport,0,2026
Changi,Changi Point,2,2026
Changi,Changi West,153,2026
Changi Bay,Changi Bay,0,2026
Choa Chu Kang,Choa Chu Kang Central,849,2026
Choa Chu Kang,Choa Chu Kang North,1069,2026
Choa Chu Kang,Keat Hong,3000,2026
Choa Chu Kang,Peng Siang,1696,2026
Choa Chu Kang,Teck Whye,1005,2026
Choa Chu Kang,Yew Tee,1497,2026
Clementi,Clementi Central,570,2026
Clementi,Clementi North,1559,2026
Clementi,Clementi West,432,2026
Clementi,Clementi Woods,979,2026
Clementi,Faber,563,2026
Clementi,Pandan,0,2026
Clementi,Sunset Way,159,2026
Clementi,Toh Tuck,0,2026
Clementi,West Coast,537,2026
Downtown Core,Anson,0,2026
Downtown Core,Bayfront Subzone,0,2026
Downtown Core,Bugis,32,2026
Downtown Core,Cecil,39,2026
Downtown Core,Central Subzone,66,2026
Downtown Core,City Hall,1,2026
Downtown Core,Clifford Pier,0,2026
Downtown Core,Marina Centre,0,2026
Downtown Core,Maxwell,0,2026
Downtown Core,Nicoll,14,2026
Downtown Core,Phillip,0,2026
Downtown Core,Raffles Place,0,2026
Downtown Core,Tanjong Pagar,41,2026
Geylang,Aljunied,2187,2026
Geylang,Geylang East,1543,2026
Geylang,Kallang Way,0,2026
Geylang,Kampong Ubi,908,2026
Geylang,Macpherson,1104,2026
Hougang,Defu Industrial Park,0,2026
Hougang,Hougang Central,174,2026
Hougang,Hougang East,1140,2026
Hougang,Hougang West,1588,2026
Hougang,Kangkar,1728,2026
Hougang,Kovan,1235,2026
Hougang,Lorong Ah Soo,1052,2026
Hougang,Lorong Halus,0,2026
Hougang,Tai Seng,884,2026
Hougang,Trafalgar,2343,2026
Jurong East,International Business Park,0,2026
Jurong East,Jurong Gateway,26,2026
Jurong East,Jurong Port,0,2026
Jurong East,Jurong River,0,2026
Jurong East,Lakeside (Business),0,2026
Jurong East,Lakeside (Leisure),2,2026
Jurong East,Penjuru Crescent,0,2026
Jurong East,Teban Gardens,613,2026
Jurong East,Toh Guan,505,2026
Jurong East,Yuhua East,693,2026
Jurong East,Yuhua West,615,2026
Jurong West,Boon Lay Place,1474,2026
Jurong West,Chin Bee,0,2026
Jurong West,Hong Kah,1844,2026
Jurong West,Jurong West Central,2420,2026
Jurong West,Kian Teck,0,2026
Jurong West,Safti,0,2026
Jurong West,Taman Jurong,1832,2026
Jurong West,Wenya,332,2026
Jurong West,Yunnan,2743,2026
Kallang,Bendemeer,1697,2026
Kallang,Boon Keng,517,2026
Kallang,Crawford,187,2026
Kallang,Geylang Bahru,248,2026
Kallang,Kallang Bahru,0,2026
Kallang,Kampong Bugis,139,2026
Kallang,Kampong Java,369,2026
Kallang,Lavender,402,2026
Kallang,Tanjong Rhu,406,2026
Lim Chu Kang,Lim Chu Kang,0,2026
Mandai,Mandai East,0,2026
Mandai,Mandai Estate,96,2026
Mandai,Mandai West,0,2026
Marina East,Marina East,0,2026
Marina South,Marina South,0,2026
Marine Parade,East Coast,0,2026
Marine Parade,Katong,375,2026
Marine Parade,Marina East (Mp),0,2026
Marine Parade,Marine Parade,1072,2026
Marine Parade,Mountbatten,443,2026
Museum,Bras Basah,0,2026
Museum,Dhoby Ghaut,27,2026
Museum,Fort Canning,2,2026
Newton,Cairnhill,244,2026
Newton,Goodwood Park,92,2026
Newton,Istana Negara,0,2026
Newton,Monk's Hill,69,2026
Newton,Newton Circus,22,2026
Newton,Orange Grove,83,2026
North-Eastern Islands,North-Eastern Islands,0,2026
Novena,Balestier,1292,2026
Novena,Dunearn,160,2026
Novena,Malcolm,167,2026
Novena,Moulmein,638,2026
Novena,Mount Pleasant,35,2026
Orchard,Boulevard,25,2026
Orchard,Somerset,2,2026
Orchard,Tanglin,24,2026
Outram,China Square,26,2026
Outram,Chinatown,384,2026
Outram,Pearl's Hill,102,2026
Outram,People's Park,4,2026
Pasir Ris,Flora Drive,640,2026
Pasir Ris,Loyang East,62,2026
Pasir Ris,Loyang West,0,2026
Pasir Ris,Pasir Ris Central,1933,2026
Pasir Ris,Pasir Ris Drive,2022,2026
Pasir Ris,Pasir Ris Park,404,2026
Pasir Ris,Pasir Ris Wafer Fab Park,0,2026
Pasir Ris,Pasir Ris West,1332,2026
Paya Lebar,Airport Road,0,2026
Paya Lebar,Paya Lebar East,0,2026
Paya Lebar,Paya Lebar North,0,2026
Paya Lebar,Paya Lebar West,0,2026
Paya Lebar,Plab,0,2026
Pioneer,Benoi Sector,0,2026
Pioneer,Gul Basin,0,2026
Pioneer,Gul Circle,0,2026
Pioneer,Joo Koon,0,2026
Pioneer,Pioneer Sector,0,2026
Punggol,Coney Island,0,2026
Punggol,Matilda,3971,2026
Punggol,Northshore,2141,2026
Punggol,Punggol Canal,0,2026
Punggol,Punggol Field,2127,2026
Punggol,Punggol Town Centre,2011,2026
Punggol,Waterway East,4015,2026
Queenstown,Commonwealth,155,2026
Queenstown,Dover,418,2026
Queenstown,Ghim Moh,742,2026
Queenstown,Holland Drive,352,2026
Queenstown,Kent Ridge,147,2026
Queenstown,Margaret Drive,1356,2026
Queenstown,Mei Chin,583,2026
Queenstown,National University Of S'pore,14,2026
Queenstown,One North,67,2026
Queenstown,Pasir Panjang 1,193,2026
Queenstown,Pasir Panjang 2,156,2026
Queenstown,Port,1,2026
Queenstown,Queensway,2,2026
Queenstown,Singapore Polytechnic,2,2026
Queenstown,Tanglin Halt,436,2026
River Valley,Institution Hill,196,2026
River Valley,Leonie Hill,170,2026
River Valley,One Tree Hill,105,2026
River Valley,Oxley,72,2026
River Valley,Paterson,23,2026
Rochor,Bencoolen,20,2026
Rochor,Farrer Park,86,2026
Rochor,Kampong Glam,0,2026
Rochor,Little India,67,2026
Rochor,Mackenzie,2,2026
Rochor,Mount Emily,121,2026
Rochor,Rochor Canal,0,2026
Rochor,Selegie,0,2026
Rochor,Sungei Road,82,2026
Rochor,Victoria,40,2026
Seletar,Pulau Punggol Barat,0,2026
Seletar,Pulau Punggol Timor,0,2026
Seletar,Seletar,1,2026
Seletar,Seletar Aerospace Park,0,2026
Sembawang,Admiralty,550,2026
Sembawang,Sembawang Central,1899,2026
Sembawang,Sembawang East,2698,2026
Sembawang,Sembawang North,1152,2026
Sembawang,Sembawang Springs,931,2026
Sembawang,Sembawang Straits,106,2026
Sembawang,Senoko North,0,2026
Sembawang,Senoko South,0,2026
Sembawang,The Wharves,0,2026
Sengkang,Anchorvale,3409,2026
Sengkang,Compassvale,1244,2026
Sengkang,Fernvale,4643,2026
Sengkang,Lorong Halus North,0,2026
Sengkang,Rivervale,2811,2026
Sengkang,Sengkang Town Centre,3018,2026
Sengkang,Sengkang West,0,2026
Serangoon,Lorong Chuan,345,2026
Serangoon,Seletar Hills,553,2026
Serangoon,Serangoon Central,689,2026
Serangoon,Serangoon Garden,1469,2026
Serangoon,Serangoon North,579,2026
Serangoon,Serangoon North Ind Estate,0,2026
Serangoon,Upper Paya Lebar,799,2026
Simpang,Pulau Seletar,0,2026
Simpang,Simpang North,0,2026
Simpang,Simpang South,0,2026
Simpang,Tanjong Irau,0,2026
Singapore River,Boat Quay,2,2026
Singapore River,Clarke Quay,1,2026
Singapore River,Robertson Quay,262,2026
Southern Islands,Sentosa,156,2026
Southern Islands,Southern Group,0,2026
Straits View,Straits View,0,2026
Sungei Kadut,Gali Batu,0,2026
Sungei Kadut,Kranji,0,2026
Sungei Kadut,Pang Sua,0,2026
Sungei Kadut,Reservoir View,0,2026
Sungei Kadut,Turf Club,25,2026
Tampines,Simei,1364,2026
Tampines,Tampines East,5476,2026
Tampines,Tampines North,5577,2026
Tampines,Tampines West,5477,2026
Tampines,Xilin,53,2026
Tanglin,Chatsworth,377,2026
Tanglin,Nassim,609,2026
Tanglin,Ridout,91,2026
Tanglin,Tyersall,207,2026
Tengah,Brickland,0,2026
Tengah,Forest Hill,0,2026
Tengah,Garden,355,2026
Tengah,Park,1042,2026
Tengah,Plantation,937,2026
Tengah,Tengah Industrial Estate,0,2026
Toa Payoh,Bidadari,1969,2026
Toa Payoh,Boon Teck,768,2026
Toa Payoh,Braddell,358,2026
Toa Payoh,Joo Seng,362,2026
Toa Payoh,Kim Keat,389,2026
Toa Payoh,Lorong 8 Toa Payoh,159,2026
Toa Payoh,Pei Chun,226,2026
Toa Payoh,Potong Pasir,502,2026
Toa Payoh,Sennett,1919,2026
Toa Payoh,Toa Payoh Central,1077,2026
Toa Payoh,Toa Payoh West,879,2026
Toa Payoh,Woodleigh,158,2026
Tuas,Tengeh,0,2026
Tuas,Tuas Bay,0,2026
Tuas,Tuas North,0,2026
Tuas,Tuas Promenade,0,2026
Tuas,Tuas View,0,2026
Tuas,Tuas View Extension,0,2026
Western Islands,Jurong Island And Bukom,0,2026
Western Islands,Semakau,0,2026
Western Islands,Sudong,0,2026
Western Water Catchment,Bahar,0,2026
Western Water Catchment,Cleantech,0,2026
Western Water Catchment,Murai,25,2026
Woodlands,Greenwood Park,0,2026
Woodlands,Midview,1651,2026
Woodlands,North Coast,328,2026
Woodlands,Senoko West,0,2026
Woodlands,Woodgrove,1829,2026
Woodlands,Woodlands East,5276,2026
Woodlands,Woodlands Regional Centre,0,2026
Woodlands,Woodlands South,1875,2026
Woodlands,Woodlands West,2061,2026
Yishun,Khatib,352,2026
Yishun,Lower Seletar,1703,2026
Yishun,Nee Soon,57,2026
Yishun,Northland,978,2026
Yishun,Springleaf,139,2026
Yishun,Yishun Central,123,2026
Yishun,Yishun East,5220,2026
Yishun,Yishun South,1856,2026
Yishun,Yishun West,1642,2026
Ang Mo Kio,Ang Mo Kio Town Centre,166,2027
Ang Mo Kio,Cheng San,962,2027
Ang Mo Kio,Chong Boon,784,2027
Ang Mo Kio,Kebun Bahru,719,2027
Ang Mo Kio,Sembawang Hills,255,2027
Ang Mo Kio,Shangri-La,923,2027
Ang Mo Kio,Tagore,267,2027
Ang Mo Kio,Townsville,629,2027
Ang Mo Kio,Yio Chu Kang,0,2027
Ang Mo Kio,Yio Chu Kang East,160,2027
Ang Mo Kio,Yio Chu Kang North,0,2027
Ang Mo Kio,Yio Chu Kang West,800,2027
Bedok,Bayshore,321,2027
Bedok,Bedok North,2966,2027
Bedok,Bedok Reservoir,1054,2027
Bedok,Bedok South,1783,2027
Bedok,Frankel,1536,2027
Bedok,Kaki Bukit,1462,2027
Bedok,Kembangan,1275,2027
Bedok,Siglap,230,2027
Bishan,Bishan East,1907,2027
Bishan,Marymount,1149,2027
Bishan,Upper Thomson,1662,2027
Boon Lay,Liu Fang,0,2027
Boon Lay,Samulun,0,2027
Boon Lay,Shipyard,0,2027
Boon Lay,Tukang,0,2027
Bukit Batok,Brickworks,3957,2027
Bukit Batok,Bukit Batok Central,1245,2027
Bukit Batok,Bukit Batok East,391,2027
Bukit Batok,Bukit Batok South,667,2027
Bukit Batok,Bukit Batok West,601,2027
Bukit Batok,Gombak,356,2027
Bukit Batok,Guilin,453,2027
Bukit Batok,Hillview,730,2027
Bukit Batok,Hong Kah North,929,2027
Bukit Merah,Alexandra Hill,536,2027
Bukit Merah,Alexandra North,159,2027
Bukit Merah,Bukit Ho Swee,458,2027
Bukit Merah,Bukit Merah,26,2027
Bukit Merah,City Terminals,0,2027
Bukit Merah,Depot Road,274,2027
Bukit Merah,Everton Park,249,2027
Bukit Merah,Henderson Hill,488,2027
Bukit Merah,Kampong Tiong Bahru,380,2027
Bukit Merah,Maritime Square,231,2027
Bukit Merah,Redhill,474,2027
Bukit Merah,Singapore General Hospital,0,2027
Bukit Merah,Telok Blangah Drive,1063,2027
Bukit Merah,Telok Blangah Rise,348,2027
Bukit Merah,Telok Blangah Way,235,2027
Bukit Merah,Tiong Bahru,508,2027
Bukit Merah,Tiong Bahru Station,585,2027
Bukit Panjang,Bangkit,753,2027
Bukit Panjang,Dairy Farm,391,2027
Bukit Panjang,Fajar,1310,2027
Bukit Panjang,Jelebu,1057,2027
Bukit Panjang,Nature Reserve,162,2027
Bukit Panjang,Saujana,1234,2027
Bukit Panjang,Senja,1415,2027
Bukit Timah,Anak Bukit,977,2027
Bukit Timah,Coronation Road,365,2027
Bukit Timah,Farrer Court,422,2027
Bukit Timah,Hillcrest,441,2027
Bukit Timah,Holland Road,505,2027
Bukit Timah,Leedon Park,306,2027
Bukit Timah,Swiss Club,296,2027
Bukit Timah,Ulu Pandan,445,2027
Central Water Catchment,Central Water Catchment,0,2027
Changi,Changi Airport,0,2027
Changi,Changi Point,4,2027
Changi,Changi West,137,2027
Changi Bay,Changi Bay,0,2027
Choa Chu Kang,Choa Chu Kang Central,858,2027
Choa Chu Kang,Choa Chu Kang North,1126,2027
Choa Chu Kang,Keat Hong,3246,2027
Choa Chu Kang,Peng Siang,1661,2027
Choa Chu Kang,Teck Whye,1013,2027
Choa Chu Kang,Yew Tee,1545,2027
Clementi,Clementi Central,562,2027
Clementi,Clementi North,1501,2027
Clementi,Clementi West,443,2027
Clementi,Clementi Woods,945,2027
Clementi,Faber,522,2027
Clementi,Pandan,0,2027
Clementi,Sunset Way,162,2027
Clementi,Toh Tuck,0,2027
Clementi,West Coast,508,2027
Downtown Core,Anson,0,2027
Downtown Core,Bayfront Subzone,0,2027
Downtown Core,Bugis,39,2027
Downtown Core,Cecil,41,2027
Downtown Core,Central Subzone,71,2027
Downtown Core,City Hall,2,2027
Downtown Core,Clifford Pier,0,2027
Downtown Core,Marina Centre,0,2027
Downtown Core,Maxwell,0,2027
Downtown Core,Nicoll,16,2027
Downtown Core,Phillip,0,2027
Downtown Core,Raffles Place,0,2027
Downtown Core,Tanjong Pagar,46,2027
Geylang,Aljunied,2179,2027
Geylang,Geylang East,1528,2027
Geylang,Kallang Way,0,2027
Geylang,Kampong Ubi,886,2027
Geylang,Macpherson,1705,2027
Hougang,Defu Industrial Park,0,2027
Hougang,Hougang Central,180,2027
Hougang,Hougang East,1133,2027
Hougang,Hougang West,1632,2027
Hougang,Kangkar,1682,2027
Hougang,Kovan,1217,2027
Hougang,Lorong Ah Soo,1348,2027
Hougang,Lorong Halus,0,2027
Hougang,Tai Seng,1042,2027
Hougang,Trafalgar,2281,2027
Jurong East,International Business Park,0,2027
Jurong East,Jurong Gateway,28,2027
Jurong East,Jurong Port,0,2027
Jurong East,Jurong River,0,2027
Jurong East,Lakeside (Business),0,2027
Jurong East,Lakeside (Leisure),4,2027
Jurong East,Penjuru Crescent,0,2027
Jurong East,Teban Gardens,613,2027
Jurong East,Toh Guan,762,2027
Jurong East,Yuhua East,724,2027
Jurong East,Yuhua West,629,2027
Jurong West,Boon Lay Place,1420,2027
Jurong West,Chin Bee,0,2027
Jurong West,Hong Kah,1871,2027
Jurong West,Jurong West Central,2434,2027
Jurong West,Kian Teck,0,2027
Jurong West,Safti,0,2027
Jurong West,Taman Jurong,2230,2027
Jurong West,Wenya,327,2027
Jurong West,Yunnan,2773,2027
Kallang,Bendemeer,2067,2027
Kallang,Boon Keng,527,2027
Kallang,Crawford,193,2027
Kallang,Geylang Bahru,267,2027
Kallang,Kallang Bahru,0,2027
Kallang,Kampong Bugis,133,2027
Kallang,Kampong Java,558,2027
Kallang,Lavender,405,2027
Kallang,Tanjong Rhu,404,2027
Lim Chu Kang,Lim Chu Kang,0,2027
Mandai,Mandai East,0,2027
Mandai,Mandai Estate,96,2027
Mandai,Mandai West,0,2027
Marina East,Marina East,0,2027
Marina South,Marina South,0,2027
Marine Parade,East Coast,0,2027
Marine Parade,Katong,376,2027
Marine Parade,Marina East (Mp),0,2027
Marine Parade,Marine Parade,1036,2027
Marine Parade,Mountbatten,429,2027
Museum,Bras Basah,0,2027
Museum,Dhoby Ghaut,29,2027
Museum,Fort Canning,4,2027
Newton,Cairnhill,234,2027
Newton,Goodwood Park,88,2027
Newton,Istana Negara,0,2027
Newton,Monk's Hill,65,2027
Newton,Newton Circus,20,2027
Newton,Orange Grove,82,2027
North-Eastern Islands,North-Eastern Islands,0,2027
Novena,Balestier,1304,2027
Novena,Dunearn,152,2027
Novena,Malcolm,154,2027
Novena,Moulmein,599,2027
Novena,Mount Pleasant,34,2027
Orchard,Boulevard,25,2027
Orchard,Somerset,4,2027
Orchard,Tanglin,24,2027
Outram,China Square,27,2027
Outram,Chinatown,382,2027
Outram,Pearl's Hill,108,2027
Outram,People's Park,7,2027
Pasir Ris,Flora Drive,642,2027
Pasir Ris,Loyang East,64,2027
Pasir Ris,Loyang West,0,2027
Pasir Ris,Pasir Ris Central,1934,2027
Pasir Ris,Pasir Ris Drive,2068,2027
Pasir Ris,Pasir Ris Park,386,2027
Pasir Ris,Pasir Ris Wafer Fab Park,0,2027
Pasir Ris,Pasir Ris West,1360,2027
Paya Lebar,Airport Road,0,2027
Paya Lebar,Paya Lebar East,0,2027
Paya Lebar,Paya Lebar North,0,2027
Paya Lebar,Paya Lebar West,0,2027
Paya Lebar,Plab,0,2027
Pioneer,Benoi Sector,0,2027
Pioneer,Gul Basin,0,2027
Pioneer,Gul Circle,0,2027
Pioneer,Joo Koon,0,2027
Pioneer,Pioneer Sector,0,2027
Punggol,Coney Island,0,2027
Punggol,Matilda,3691,2027
Punggol,Northshore,1954,2027
Punggol,Punggol Canal,0,2027
Punggol,Punggol Field,2055,2027
Punggol,Punggol Town Centre,1869,2027
Punggol,Waterway East,3719,2027
Queenstown,Commonwealth,166,2027
Queenstown,Dover,416,2027
Queenstown,Ghim Moh,700,2027
Queenstown,Holland Drive,367,2027
Queenstown,Kent Ridge,148,2027
Queenstown,Margaret Drive,1310,2027
Queenstown,Mei Chin,600,2027
Queenstown,National University Of S'pore,16,2027
Queenstown,One North,62,2027
Queenstown,Pasir Panjang 1,194,2027
Queenstown,Pasir Panjang 2,155,2027
Queenstown,Port,2,2027
Queenstown,Queensway,4,2027
Queenstown,Singapore Polytechnic,4,2027
Queenstown,Tanglin Halt,403,2027
River Valley,Institution Hill,187,2027
River Valley,Leonie Hill,170,2027
River Valley,One Tree Hill,102,2027
River Valley,Oxley,72,2027
River Valley,Paterson,21,2027
Rochor,Bencoolen,27,2027
Rochor,Farrer Park,87,2027
Rochor,Kampong Glam,0,2027
Rochor,Little India,73,2027
Rochor,Mackenzie,4,2027
Rochor,Mount Emily,121,2027
Rochor,Rochor Canal,0,2027
Rochor,Selegie,0,2027
Rochor,Sungei Road,80,2027
Rochor,Victoria,43,2027
Seletar,Pulau Punggol Barat,0,2027
Seletar,Pulau Punggol Timor,0,2027
Seletar,Seletar,2,2027
Seletar,Seletar Aerospace Park,0,2027
Sembawang,Admiralty,547,2027
Sembawang,Sembawang Central,1827,2027
Sembawang,Sembawang East,2465,2027
Sembawang,Sembawang North,1127,2027
Sembawang,Sembawang Springs,896,2027
Sembawang,Sembawang Straits,104,2027
Sembawang,Senoko North,0,2027
Sembawang,Senoko South,0,2027
Sembawang,The Wharves,0,2027
Sengkang,Anchorvale,3186,2027
Sengkang,Compassvale,1195,2027
Sengkang,Fernvale,4350,2027
Sengkang,Lorong Halus North,0,2027
Sengkang,Rivervale,2773,2027
Sengkang,Sengkang Town Centre,2954,2027
Sengkang,Sengkang West,0,2027
Serangoon,Lorong Chuan,342,2027
Serangoon,Seletar Hills,555,2027
Serangoon,Serangoon Central,738,2027
Serangoon,Serangoon Garden,1468,2027
Serangoon,Serangoon North,593,2027
Serangoon,Serangoon North Ind Estate,0,2027
Serangoon,Upper Paya Lebar,812,2027
Simpang,Pulau Seletar,0,2027
Simpang,Simpang North,0,2027
Simpang,Simpang South,0,2027
Simpang,Tanjong Irau,0,2027
Singapore River,Boat Quay,4,2027
Singapore River,Clarke Quay,2,2027
Singapore River,Robertson Quay,246,2027
Southern Islands,Sentosa,144,2027
Southern Islands,Southern Group,0,2027
Straits View,Straits View,0,2027
Sungei Kadut,Gali Batu,0,2027
Sungei Kadut,Kranji,0,2027
Sungei Kadut,Pang Sua,0,2027
Sungei Kadut,Reservoir View,0,2027
Sungei Kadut,Turf Club,26,2027
Tampines,Simei,1393,2027
Tampines,Tampines East,5543,2027
Tampines,Tampines North,5016,2027
Tampines,Tampines West,6065,2027
Tampines,Xilin,58,2027
Tanglin,Chatsworth,367,2027
Tanglin,Nassim,568,2027
Tanglin,Ridout,85,2027
Tanglin,Tyersall,197,2027
Tengah, Plantation,436,2027
Tengah,Brickland,0,2027
Tengah,Forest Hill,0,2027
Tengah,Garden,368,2027
Tengah,Park,1945,2027
Tengah,Plantation,1185,2027
Tengah,Tengah Industrial Estate,0,2027
Toa Payoh,Bidadari,1911,2027
Toa Payoh,Boon Teck,729,2027
Toa Payoh,Braddell,356,2027
Toa Payoh,Joo Seng,361,2027
Toa Payoh,Kim Keat,391,2027
Toa Payoh,Lorong 8 Toa Payoh,174,2027
Toa Payoh,Pei Chun,248,2027
Toa Payoh,Potong Pasir,508,2027
Toa Payoh,Sennett,1748,2027
Toa Payoh,Toa Payoh Central,1071,2027
Toa Payoh,Toa Payoh West,900,2027
Toa Payoh,Woodleigh,159,2027
Tuas,Tengeh,0,2027
Tuas,Tuas Bay,0,2027
Tuas,Tuas North,0,2027
Tuas,Tuas Promenade,0,2027
Tuas,Tuas View,0,2027
Tuas,Tuas View Extension,0,2027
Western Islands,Jurong Island And Bukom,0,2027
Western Islands,Semakau,0,2027
Western Islands,Sudong,0,2027
Western Water Catchment,Bahar,0,2027
Western Water Catchment,Cleantech,0,2027
Western Water Catchment,Murai,27,2027
Woodlands,Greenwood Park,0,2027
Woodlands,Midview,1636,2027
Woodlands,North Coast,345,2027
Woodlands,Senoko West,0,2027
Woodlands,Woodgrove,1904,2027
Woodlands,Woodlands East,5126,2027
Woodlands,Woodlands Regional Centre,780,2027
Woodlands,Woodlands South,1840,2027
Woodlands,Woodlands West,1971,2027
Yishun,Khatib,366,2027
Yishun,Lower Seletar,1559,2027
Yishun,Nee Soon,54,2027
Yishun,Northland,994,2027
Yishun,Springleaf,146,2027
Yishun,Yishun Central,404,2027
Yishun,Yishun East,4961,2027
Yishun,Yishun South,1854,2027
Yishun,Yishun West,1708,2027
Ang Mo Kio,Ang Mo Kio Town Centre,170,2028
Ang Mo Kio,Cheng San,972,2028
Ang Mo Kio,Chong Boon,804,2028
Ang Mo Kio,Kebun Bahru,731,2028
Ang Mo Kio,Sembawang Hills,257,2028
Ang Mo Kio,Shangri-La,884,2028
Ang Mo Kio,Tagore,275,2028
Ang Mo Kio,Townsville,644,2028
Ang Mo Kio,Yio Chu Kang,0,2028
Ang Mo Kio,Yio Chu Kang East,162,2028
Ang Mo Kio,Yio Chu Kang North,0,2028
Ang Mo Kio,Yio Chu Kang West,809,2028
Bedok,Bayshore,306,2028
Bedok,Bedok North,3142,2028
Bedok,Bedok Reservoir,1035,2028
Bedok,Bedok South,2728,2028
Bedok,Frankel,1460,2028
Bedok,Kaki Bukit,1467,2028
Bedok,Kembangan,1825,2028
Bedok,Siglap,236,2028
Bishan,Bishan East,1932,2028
Bishan,Marymount,1151,2028
Bishan,Upper Thomson,1635,2028
Boon Lay,Liu Fang,0,2028
Boon Lay,Samulun,0,2028
Boon Lay,Shipyard,0,2028
Boon Lay,Tukang,0,2028
Bukit Batok,Brickworks,3541,2028
Bukit Batok,Bukit Batok Central,1212,2028
Bukit Batok,Bukit Batok East,404,2028
Bukit Batok,Bukit Batok South,662,2028
Bukit Batok,Bukit Batok West,593,2028
Bukit Batok,Gombak,359,2028
Bukit Batok,Guilin,462,2028
Bukit Batok,Hillview,760,2028
Bukit Batok,Hong Kah North,941,2028
Bukit Merah,Alexandra Hill,515,2028
Bukit Merah,Alexandra North,152,2028
Bukit Merah,Bukit Ho Swee,462,2028
Bukit Merah,Bukit Merah,27,2028
Bukit Merah,City Terminals,0,2028
Bukit Merah,Depot Road,265,2028
Bukit Merah,Everton Park,263,2028
Bukit Merah,Henderson Hill,483,2028
Bukit Merah,Kampong Tiong Bahru,376,2028
Bukit Merah,Maritime Square,212,2028
Bukit Merah,Redhill,468,2028
Bukit Merah,Singapore General Hospital,0,2028
Bukit Merah,Telok Blangah Drive,1058,2028
Bukit Merah,Telok Blangah Rise,358,2028
Bukit Merah,Telok Blangah Way,237,2028
Bukit Merah,Tiong Bahru,503,2028
Bukit Merah,Tiong Bahru Station,586,2028
Bukit Panjang,Bangkit,774,2028
Bukit Panjang,Dairy Farm,374,2028
Bukit Panjang,Fajar,1263,2028
Bukit Panjang,Jelebu,1248,2028
Bukit Panjang,Nature Reserve,159,2028
Bukit Panjang,Saujana,1196,2028
Bukit Panjang,Senja,1329,2028
Bukit Timah,Anak Bukit,963,2028
Bukit Timah,Coronation Road,342,2028
Bukit Timah,Farrer Court,390,2028
Bukit Timah,Hillcrest,414,2028
Bukit Timah,Holland Road,480,2028
Bukit Timah,Leedon Park,296,2028
Bukit Timah,Swiss Club,280,2028
Bukit Timah,Ulu Pandan,426,2028
Central Water Catchment,Central Water Catchment,0,2028
Changi,Changi Airport,0,2028
Changi,Changi Point,6,2028
Changi,Changi West,120,2028
Changi Bay,Changi Bay,0,2028
Choa Chu Kang,Choa Chu Kang Central,866,2028
Choa Chu Kang,Choa Chu Kang North,1190,2028
Choa Chu Kang,Keat Hong,3067,2028
Choa Chu Kang,Peng Siang,1624,2028
Choa Chu Kang,Teck Whye,2052,2028
Choa Chu Kang,Yew Tee,1572,2028
Clementi,Clementi Central,552,2028
Clementi,Clementi North,1434,2028
Clementi,Clementi West,454,2028
Clementi,Clementi Woods,906,2028
Clementi,Faber,478,2028
Clementi,Pandan,0,2028
Clementi,Sunset Way,165,2028
Clementi,Toh Tuck,0,2028
Clementi,West Coast,476,2028
Downtown Core,Anson,0,2028
Downtown Core,Bayfront Subzone,0,2028
Downtown Core,Bugis,46,2028
Downtown Core,Cecil,43,2028
Downtown Core,Central Subzone,75,2028
Downtown Core,City Hall,3,2028
Downtown Core,Clifford Pier,0,2028
Downtown Core,Marina Centre,0,2028
Downtown Core,Maxwell,0,2028
Downtown Core,Nicoll,17,2028
Downtown Core,Phillip,0,2028
Downtown Core,Raffles Place,0,2028
Downtown Core,Tanjong Pagar,50,2028
Geylang,Aljunied,2334,2028
Geylang,Geylang East,1504,2028
Geylang,Kallang Way,0,2028
Geylang,Kampong Ubi,858,2028
Geylang,Macpherson,1714,2028
Hougang,Defu Industrial Park,0,2028
Hougang,Hougang Central,185,2028
Hougang,Hougang East,1120,2028
Hougang,Hougang West,1669,2028
Hougang,Kangkar,1625,2028
Hougang,Kovan,1194,2028
Hougang,Lorong Ah Soo,1395,2028
Hougang,Lorong Halus,0,2028
Hougang,Tai Seng,1194,2028
Hougang,Trafalgar,2214,2028
Jurong East,International Business Park,0,2028
Jurong East,Jurong Gateway,30,2028
Jurong East,Jurong Port,0,2028
Jurong East,Jurong River,0,2028
Jurong East,Lakeside (Business),0,2028
Jurong East,Lakeside (Leisure),6,2028
Jurong East,Penjuru Crescent,0,2028
Jurong East,Teban Gardens,612,2028
Jurong East,Toh Guan,781,2028
Jurong East,Yuhua East,753,2028
Jurong East,Yuhua West,642,2028
Jurong West,Boon Lay Place,1362,2028
Jurong West,Chin Bee,0,2028
Jurong West,Hong Kah,2206,2028
Jurong West,Jurong West Central,2443,2028
Jurong West,Kian Teck,0,2028
Jurong West,Safti,0,2028
Jurong West,Taman Jurong,2196,2028
Jurong West,Wenya,321,2028
Jurong West,Yunnan,2799,2028
Kallang,Bendemeer,2027,2028
Kallang,Boon Keng,534,2028
Kallang,Crawford,199,2028
Kallang,Geylang Bahru,286,2028
Kallang,Kallang Bahru,0,2028
Kallang,Kampong Bugis,620,2028
Kallang,Kampong Java,812,2028
Kallang,Lavender,576,2028
Kallang,Tanjong Rhu,401,2028
Lim Chu Kang,Lim Chu Kang,0,2028
Mandai,Mandai East,0,2028
Mandai,Mandai Estate,96,2028
Mandai,Mandai West,0,2028
Marina East,Marina East,0,2028
Marina South,Marina South,0,2028
Marine Parade,East Coast,0,2028
Marine Parade,Katong,375,2028
Marine Parade,Marina East (Mp),0,2028
Marine Parade,Marine Parade,996,2028
Marine Parade,Mountbatten,413,2028
Museum,Bras Basah,0,2028
Museum,Dhoby Ghaut,31,2028
Museum,Fort Canning,6,2028
Newton,Cairnhill,222,2028
Newton,Goodwood Park,83,2028
Newton,Istana Negara,0,2028
Newton,Monk's Hill,61,2028
Newton,Newton Circus,18,2028
Newton,Orange Grove,81,2028
North-Eastern Islands,North-Eastern Islands,0,2028
Novena, Balestier,448,2028
Novena,Balestier,1308,2028
Novena,Dunearn,145,2028
Novena,Malcolm,140,2028
Novena,Moulmein,556,2028
Novena,Mount Pleasant,33,2028
Orchard,Boulevard,25,2028
Orchard,Somerset,6,2028
Orchard,Tanglin,24,2028
Outram,China Square,28,2028
Outram,Chinatown,378,2028
Outram,Pearl's Hill,114,2028
Outram,People's Park,10,2028
Pasir Ris,Flora Drive,642,2028
Pasir Ris,Loyang East,66,2028
Pasir Ris,Loyang West,0,2028
Pasir Ris,Pasir Ris Central,1895,2028
Pasir Ris,Pasir Ris Drive,2118,2028
Pasir Ris,Pasir Ris Park,365,2028
Pasir Ris,Pasir Ris Wafer Fab Park,0,2028
Pasir Ris,Pasir Ris West,1392,2028
Paya Lebar,Airport Road,0,2028
Paya Lebar,Paya Lebar East,0,2028
Paya Lebar,Paya Lebar North,0,2028
Paya Lebar,Paya Lebar West,0,2028
Paya Lebar,Plab,0,2028
Pioneer,Benoi Sector,0,2028
Pioneer,Gul Basin,0,2028
Pioneer,Gul Circle,0,2028
Pioneer,Joo Koon,0,2028
Pioneer,Pioneer Sector,0,2028
Punggol,Coney Island,0,2028
Punggol,Matilda,3801,2028
Punggol,Northshore,1755,2028
Punggol,Punggol Canal,0,2028
Punggol,Punggol Field,1980,2028
Punggol,Punggol Town Centre,1710,2028
Punggol,Waterway East,3395,2028
Queenstown,Commonwealth,176,2028
Queenstown,Dover,413,2028
Queenstown,Ghim Moh,654,2028
Queenstown,Holland Drive,380,2028
Queenstown,Kent Ridge,148,2028
Queenstown,Margaret Drive,1254,2028
Queenstown,Mei Chin,615,2028
Queenstown,National University Of S'pore,19,2028
Queenstown,One North,56,2028
Queenstown,Pasir Panjang 1,194,2028
Queenstown,Pasir Panjang 2,154,2028
Queenstown,Port,3,2028
Queenstown,Queensway,268,2028
Queenstown,Singapore Polytechnic,6,2028
Queenstown,Tanglin Halt,369,2028
River Valley,Institution Hill,177,2028
River Valley,Leonie Hill,169,2028
River Valley,One Tree Hill,99,2028
River Valley,Oxley,71,2028
River Valley,Paterson,19,2028
Rochor,Bencoolen,34,2028
Rochor,Farrer Park,88,2028
Rochor,Kampong Glam,0,2028
Rochor,Little India,79,2028
Rochor,Mackenzie,6,2028
Rochor,Mount Emily,119,2028
Rochor,Rochor Canal,0,2028
Rochor,Selegie,0,2028
Rochor,Sungei Road,78,2028
Rochor,Victoria,46,2028
Seletar,Pulau Punggol Barat,0,2028
Seletar,Pulau Punggol Timor,0,2028
Seletar,Seletar,3,2028
Seletar,Seletar Aerospace Park,0,2028
Sembawang,Admiralty,542,2028
Sembawang,Sembawang Central,1751,2028
Sembawang,Sembawang East,2217,2028
Sembawang,Sembawang North,1102,2028
Sembawang,Sembawang Springs,835,2028
Sembawang,Sembawang Straits,102,2028
Sembawang,Senoko North,0,2028
Sembawang,Senoko South,0,2028
Sembawang,The Wharves,0,2028
Sengkang,Anchorvale,2944,2028
Sengkang,Compassvale,1136,2028
Sengkang,Fernvale,4030,2028
Sengkang,Lorong Halus North,0,2028
Sengkang,Rivervale,2731,2028
Sengkang,Sengkang Town Centre,2880,2028
Sengkang,Sengkang West,0,2028
Serangoon,Lorong Chuan,339,2028
Serangoon,Seletar Hills,557,2028
Serangoon,Serangoon Central,783,2028
Serangoon,Serangoon Garden,1600,2028
Serangoon,Serangoon North,607,2028
Serangoon,Serangoon North Ind Estate,0,2028
Serangoon,Upper Paya Lebar,820,2028
Simpang,Pulau Seletar,0,2028
Simpang,Simpang North,0,2028
Simpang,Simpang South,0,2028
Simpang,Tanjong Irau,0,2028
Singapore River,Boat Quay,6,2028
Singapore River,Clarke Quay,3,2028
Singapore River,Robertson Quay,228,2028
Southern Islands,Sentosa,131,2028
Southern Islands,Southern Group,0,2028
Straits View,Straits View,0,2028
Sungei Kadut,Gali Batu,0,2028
Sungei Kadut,Kranji,0,2028
Sungei Kadut,Pang Sua,0,2028
Sungei Kadut,Reservoir View,0,2028
Sungei Kadut,Turf Club,27,2028
Tampines,Simei,1419,2028
Tampines,Tampines East,5490,2028
Tampines,Tampines North,4425,2028
Tampines,Tampines West,6116,2028
Tampines,Xilin,63,2028
Tanglin,Chatsworth,354,2028
Tanglin,Nassim,525,2028
Tanglin,Ridout,79,2028
Tanglin,Tyersall,187,2028
Tengah, Plantation,449,2028
Tengah,Brickland,0,2028
Tengah,Forest Hill,0,2028
Tengah,Garden,1262,2028
Tengah,Park,1922,2028
Tengah,Plantation,1553,2028
Tengah,Tengah Industrial Estate,0,2028
Toa Payoh,Bidadari,1776,2028
Toa Payoh,Boon Teck,687,2028
Toa Payoh,Braddell,353,2028
Toa Payoh,Joo Seng,357,2028
Toa Payoh,Kim Keat,391,2028
Toa Payoh,Lorong 8 Toa Payoh,189,2028
Toa Payoh,Pei Chun,433,2028
Toa Payoh,Potong Pasir,510,2028
Toa Payoh,Sennett,1564,2028
Toa Payoh,Toa Payoh Central,1063,2028
Toa Payoh,Toa Payoh West,887,2028
Toa Payoh,Woodleigh,159,2028
Tuas,Tengeh,0,2028
Tuas,Tuas Bay,0,2028
Tuas,Tuas North,0,2028
Tuas,Tuas Promenade,0,2028
Tuas,Tuas View,0,2028
Tuas,Tuas View Extension,0,2028
Western Islands,Jurong Island And Bukom,0,2028
Western Islands,Semakau,0,2028
Western Islands,Sudong,0,2028
Western Water Catchment,Bahar,0,2028
Western Water Catchment,Cleantech,0,2028
Western Water Catchment,Murai,29,2028
Woodlands,Greenwood Park,0,2028
Woodlands,Midview,1624,2028
Woodlands,North Coast,363,2028
Woodlands,Senoko West,0,2028
Woodlands,Woodgrove,2423,2028
Woodlands,Woodlands East,4974,2028
Woodlands,Woodlands Regional Centre,804,2028
Woodlands,Woodlands South,2076,2028
Woodlands,Woodlands West,1878,2028
Yishun,Khatib,379,2028
Yishun,Lower Seletar,1405,2028
Yishun,Nee Soon,51,2028
Yishun,Northland,1009,2028
Yishun,Springleaf,154,2028
Yishun,Yishun Central,414,2028
Yishun,Yishun East,4651,2028
Yishun,Yishun South,1843,2028
Yishun,Yishun West,1769,2028
